code,year,gap,continent,country,income,pop
AUS,1979,20,Oceania,Australia,9328.979287,14.51573
AUS,1980,18.75,Oceania,Australia,10411.6941,14.69536
AUS,1981,18.25396825,Oceania,Australia,11693.8609,14.92326
AUS,1982,20.81911263,Oceania,Australia,11864.24709,15.18425
AUS,1983,19.15584416,Oceania,Australia,12584.91314,15.39347
AUS,1984,18.6746988,Oceania,Australia,13372.40331,15.57939
AUS,1985,19.60784314,Oceania,Australia,14212.63004,15.78831
AUS,1986,18.84816754,Oceania,Australia,14678.51289,16.01835
AUS,1987,18.51851852,Oceania,Australia,15710.77451,16.26387
AUS,1988,18.79350348,Oceania,Australia,16611.03119,16.53216
AUS,1989,18.58974359,Oceania,Australia,17155.58802,16.81442
AUS,1990,18.18181818,Oceania,Australia,17064.569,17.06513
AUS,1991,16.015625,Oceania,Australia,17416.16642,17.28404
AUS,1992,14.25855513,Oceania,Australia,18575.06228,17.479
AUS,1993,13.22463768,Oceania,Australia,19664.37964,17.635
AUS,1994,14.40972222,Oceania,Australia,20613.68796,17.805
AUS,1995,14.47811448,Oceania,Australia,21564.01657,18.005
AUS,1997,15.25423729,Oceania,Australia,23632.85424,18.423
AUS,1998,13.24200913,Oceania,Australia,24829.97209,18.608
AUS,1999,14.28571429,Oceania,Australia,26315.71776,18.812
AUS,2000,17.2,Oceania,Australia,27456.42562,19.029
AUS,2001,14.34210526,Oceania,Australia,28673.75052,19.275
AUS,2002,15,Oceania,Australia,29874.37755,19.495
AUS,2003,13.04347826,Oceania,Australia,31325.05215,19.721
AUS,2004,14.35294118,Oceania,Australia,32598.99991,19.933
AUS,2005,15.77777778,Oceania,Australia,34185.28751,20.177
AUS,2006,16.66666667,Oceania,Australia,36156.76716,20.451
AUS,2007,15.4,Oceania,Australia,37978.83789,20.828
AUS,2008,11.93737769,Oceania,Australia,38688.65284,21.249
AUS,2009,16.36363636,Oceania,Australia,39998.66868,21.692
AUS,2010,14.04293381,Oceania,Australia,41069.85002,22.032
AUS,2011,15.96638656,Oceania,Australia,43068.35614,22.34
AUS,2012,13.75,Oceania,Australia,42787.76105,22.728
AUS,2013,18,Oceania,Australia,46511.40856,23.126
AUS,2014,15.38461539,Oceania,Australia,46664.71127,23.491
AUS,2015,13,Oceania,Australia,46213.00104,23.856
AUS,2016,11.53846154,Oceania,Australia,48941.12465,24.221
AUS,2017,11.66419019,Oceania,Australia,49628.09931,24.586
AUS,2018,11.71428571,Oceania,Australia,51828.01317,24.951
AUT,2000,23.14194309,Europe,Austria,29131.09841,8.011566
AUT,2001,22.80181782,Europe,Austria,29309.15115,8.042293
AUT,2002,24.48922362,Europe,Austria,30997.10108,8.082121
AUT,2003,21.13692198,Europe,Austria,32040.95252,8.118245
AUT,2004,22.43079216,Europe,Austria,33707.11195,8.169441
AUT,2005,22.03208575,Europe,Austria,34950.38938,8.225278
AUT,2006,21.85513043,Europe,Austria,37707.75983,8.267948
AUT,2007,21.63427637,Europe,Austria,39351.37002,8.295189
AUT,2008,20.91732027,Europe,Austria,41660.64267,8.321541
AUT,2009,19.35596592,Europe,Austria,40948.77162,8.341483
AUT,2010,19.18886268,Europe,Austria,42400.98847,8.361069
AUT,2011,18.55055412,Europe,Austria,44619.14349,8.388534
AUT,2012,18.18505684,Europe,Austria,46524.5859,8.426311
AUT,2013,18.05321141,Europe,Austria,48065.98008,8.46857
AUT,2014,17.72888425,Europe,Austria,48877.87702,8.511821879
AUT,2015,17.04325299,Europe,Austria,49463.58669,8.546544901
AUT,2016,15.67089964,Europe,Austria,52610.4151,8.581267923
AUT,2017,15.38215397,Europe,Austria,54166.88228,8.615990945
BEL,1999,15.18298714,Europe,Belgium,26033.53609,10.22642
BEL,2000,13.59923114,Europe,Belgium,28511.44772,10.25125
BEL,2001,13.18681319,Europe,Belgium,29339.04604,10.28657
BEL,2002,11.60471442,Europe,Belgium,30805.58001,10.33278
BEL,2003,15.20518359,Europe,Belgium,31489.47803,10.37613
BEL,2004,11.83206107,Europe,Belgium,32479.25055,10.42114
BEL,2005,11.51109251,Europe,Belgium,33592.43946,10.47862
BEL,2006,10.25326797,Europe,Belgium,35722.98617,10.54796
BEL,2007,9.873617694,Europe,Belgium,37264.20885,10.6257
BEL,2008,8.915753683,Europe,Belgium,38804.65143,10.70997
BEL,2009,7.480461481,Europe,Belgium,38488.50306,10.79649
BEL,2010,7.04379562,Europe,Belgium,40478.56735,10.92027
BEL,2011,5.838108883,Europe,Belgium,41007.73301,11.04774
BEL,2012,6.411149826,Europe,Belgium,43271.81902,11.12825
BEL,2013,5.912863071,Europe,Belgium,44746.98572,11.17844
BEL,2014,3.298900367,Europe,Belgium,45872.68494,11.22728
BEL,2015,4.672,Europe,Belgium,46867.29929,11.27612
BEL,2016,3.701298701,Europe,Belgium,49086.13576,11.32496
CAN,1997,24.70588235,North Americas,Canada,24468.25579,29.90595
CAN,1998,24.85549133,North Americas,Canada,25426.19015,30.15517
CAN,1999,24,North Americas,Canada,26904.53068,30.40129
CAN,2000,23.875,North Americas,Canada,28593.20163,30.68573
CAN,2001,24.32457913,North Americas,Canada,29363.72874,31.01902
CAN,2002,24.0131579,North Americas,Canada,30181.35919,31.35366
CAN,2003,22.50234034,North Americas,Canada,31540.63118,31.63967
CAN,2004,22.71794872,North Americas,Canada,33183.10095,31.94068
CAN,2005,21.25,North Americas,Canada,35586.40976,32.24521
CAN,2006,21.12332112,North Americas,Canada,37501.32,32.57607
CAN,2007,20.80823529,North Americas,Canada,38973.90892,32.92752
CAN,2008,20.45454546,North Americas,Canada,39784.71224,33.31766
CAN,2009,20.13186813,North Americas,Canada,38223.49729,33.72691
CAN,2010,18.97746967,North Americas,Canada,39320.27258,34.12655
CAN,2011,19.17553192,North Americas,Canada,40875.5971,34.48398
CAN,2012,19.51123128,North Americas,Canada,41497.04619,34.88049
CAN,2013,19.30323498,North Americas,Canada,43537.68522,35.154
CAN,2014,19.229,North Americas,Canada,44890.42887,35.54
CAN,2015,18.62745098,North Americas,Canada,43987.07843,35.926
CAN,2016,18.22115385,North Americas,Canada,45912.6252,36.312
CAN,2017,18.17322239,North Americas,Canada,48072.87856,36.698
CAN,2018,18.51851852,North Americas,Canada,49429.84933,37.084
CHE,1998,24.12242781,Europe,Switzerland,34216.71064,7.110002
CHE,2000,23.78714118,Europe,Switzerland,37799.27993,7.18425
CHE,2002,22.80161943,Europe,Switzerland,38463.8394,7.284754
CHE,2004,22.012478,Europe,Switzerland,41329.82381,7.389625
CHE,2006,21.31813213,Europe,Switzerland,48198.10815,7.483934
CHE,2008,21.30750605,Europe,Switzerland,48942.18548,7.647675
CHE,2010,20.05359536,Europe,Switzerland,56006.15354,7.82797
CHE,2012,19.34352644,Europe,Switzerland,59143.86464,7.996861
CHE,2014,16.94074284,Europe,Switzerland,62168.58185,8.165752
CHE,2016,14.76237207,Europe,Switzerland,65874.78844,8.334643
CHL,1998,14.28571429,South Americas,Chile,8782.2586,14.99665
CHL,2000,6.0729,South Americas,Chile,9184.635631,15.39778
CHL,2003,1.683183892,South Americas,Chile,10137.19238,15.83784
CHL,2006,5.555555556,South Americas,Chile,13782.45991,16.33217
CHL,2009,9.090909091,South Americas,Chile,15020.0272,16.87677
CHL,2011,16,South Americas,Chile,19074.6606,17.25553
CHL,2013,10.66666667,South Americas,Chile,21383.90645,17.63158
CHL,2015,14.28571429,South Americas,Chile,21922.17274,18.00763
CHL,2017,12.5,South Americas,Chile,22689.10967,18.38368
COL,2007,1.339317018,South Americas,Colombia,9454.293983,43.92693
COL,2008,1.739690722,South Americas,Colombia,9791.86875,44.45115
COL,2009,3.384675171,South Americas,Colombia,9908.323537,44.97883
COL,2010,6.430555556,South Americas,Colombia,10274.12112,45.50959
COL,2011,3.534808419,South Americas,Colombia,11058.88909,46.0446
COL,2012,8.197946776,South Americas,Colombia,11632.80145,46.58182
COL,2013,7.142857143,South Americas,Colombia,12274.01378,47.12109
COL,2014,9.6,South Americas,Colombia,13021.48496,47.66179
COL,2015,11.14171573,South Americas,Colombia,13612.47014,48.20249
COL,2016,7.091750669,South Americas,Colombia,13938.44907,48.74319
COL,2017,7.692307692,South Americas,Colombia,14126.89885,49.28389
COL,2018,5.787925926,South Americas,Colombia,14315.34863,49.82459
CZE,1997,18.42904374,Europe,Czech Republic,14538.93526,10.30364
CZE,1999,19.03031426,Europe,Czech Republic,15059.3505,10.28278
CZE,2001,16.87662165,Europe,Czech Republic,17064.16514,10.22419
CZE,2002,15.95069783,Europe,Czech Republic,17552.21368,10.20077
CZE,2003,15.63749732,Europe,Czech Republic,18769.28024,10.20165
CZE,2004,16.14681968,Europe,Czech Republic,19823.86943,10.20692
CZE,2005,15.93892946,Europe,Czech Republic,20918.74522,10.23409
CZE,2006,15.35176621,Europe,Czech Republic,22271.96846,10.26665
CZE,2007,16.93153188,Europe,Czech Republic,24397.45182,10.32269
CZE,2008,17.87301988,Europe,Czech Republic,25925.53936,10.42969
CZE,2009,15.10501797,Europe,Czech Republic,25557.17553,10.49149
CZE,2010,15.79850307,Europe,Czech Republic,25539.45645,10.51725
CZE,2011,16.3296567,Europe,Czech Republic,26615.1322,10.49667
CZE,2012,15.26297988,Europe,Czech Republic,27251.23853,10.50929
CZE,2013,15.37883532,Europe,Czech Republic,28675.78896,10.51072
CZE,2014,16.2545602,Europe,Czech Republic,30091.89481,10.52478
CZE,2015,16.45515416,Europe,Czech Republic,31430.79637,10.53884
CZE,2016,16.02343084,Europe,Czech Republic,33554.35496,10.5529
CZE,2017,15.61401089,Europe,Czech Republic,36140.38285,10.56696
CZE,2018,15.12741386,Europe,Czech Republic,38189.39786,10.58102
DEU,1992,26.93544974,Europe,Germany,21781.0749,80.595
DEU,1993,23.01761252,Europe,Germany,21929.52272,81.179
DEU,1994,20.49864146,Europe,Germany,22832.85536,81.422
DEU,1995,19.411547,Europe,Germany,23596.13997,81.661
DEU,1997,21.40975193,Europe,Germany,24675.34221,82.052
DEU,1998,20.89661017,Europe,Germany,25385.60024,82.029
DEU,1999,20.16949153,Europe,Germany,26326.85002,82.024
DEU,2000,19.57903098,Europe,Germany,27306.77916,82.16
DEU,2001,19.10500808,Europe,Germany,28469.2728,82.277
DEU,2002,19.07659049,Europe,Germany,29191.28971,82.456
DEU,2003,19.55457227,Europe,Germany,29929.27792,82.502
DEU,2004,21.85021772,Europe,Germany,31904.48276,82.491
DEU,2005,16.34756996,Europe,Germany,32502.89756,82.465
DEU,2006,18.12865497,Europe,Germany,35210.58304,82.369
DEU,2007,16.71554252,Europe,Germany,37354.80447,82.257
DEU,2008,16.73751796,Europe,Germany,38797.30511,82.135
DEU,2009,16.52421652,Europe,Germany,38346.66741,81.904
DEU,2010,16.69471558,Europe,Germany,40499.9826,81.715
DEU,2011,16.94444444,Europe,Germany,43630.88959,80.249
DEU,2012,15.6462585,Europe,Germany,44399.89459,80.413
DEU,2013,14.09315069,Europe,Germany,46035.53128,80.611
DEU,2014,17.1875,Europe,Germany,47953.1665,80.896
DEU,2015,15.81632653,Europe,Germany,48768.64555,81.181
DEU,2016,15.51071879,Europe,Germany,51808.95969,81.466
DEU,2017,16.19047619,Europe,Germany,54368.25913,81.751
DNK,2002,10.79707571,Europe,Denmark,30258.70021,5.375931
DNK,2003,9.921804094,Europe,Denmark,30514.38378,5.390574
DNK,2004,10.18220538,Europe,Denmark,32958.57122,5.404522
DNK,2005,10.16733044,Europe,Denmark,34428.17106,5.419432
DNK,2006,10.17206126,Europe,Denmark,37742.94733,5.437271
DNK,2007,9.850297951,Europe,Denmark,39171.61143,5.461438
DNK,2008,10.18354903,Europe,Denmark,41743.40854,5.493621
DNK,2009,10.17200506,Europe,Denmark,40773.76107,5.523095
DNK,2010,8.895098479,Europe,Denmark,43741.06383,5.547683
DNK,2011,7.947197254,Europe,Denmark,45344.36717,5.570572
DNK,2012,6.999844876,Europe,Denmark,45820.36397,5.591572
DNK,2013,6.768911945,Europe,Denmark,48222.97595,5.614932
DNK,2014,6.323865695,Europe,Denmark,49648.01783,5.638292
DNK,2015,5.836048113,Europe,Denmark,50577.64092,5.661652
DNK,2016,5.732628038,Europe,Denmark,53096.89372,5.685012
DNK,2017,5.296691966,Europe,Denmark,56342.69137,5.708372
ESP,2002,17.16196137,Europe,Spain,24100.22374,41.42352
ESP,2006,13.53333333,Europe,Spain,30140.68271,44.36052
ESP,2010,13.50446429,Europe,Spain,31251.49145,46.56248
ESP,2014,11.54049762,Europe,Spain,33421.37489,46.46405
EST,2002,25.00065194,Europe,Estonia,11014.0639,1.37935
EST,2006,29.6875,Europe,Estonia,18201.67015,1.34681
EST,2010,27.79783394,Europe,Estonia,20621.48671,1.331475
EST,2014,28.33935018,Europe,Estonia,28285.00931,1.315819
FIN,1979,27.16894977,Europe,Finland,8090.696402,4.765
FIN,1980,26.62381868,Europe,Finland,9266.781978,4.779
FIN,1982,25.96153846,Europe,Finland,11043.09335,4.827
FIN,1983,25.63174292,Europe,Finland,11737.47549,4.856
FIN,1984,23.4270415,Europe,Finland,12490.19034,4.882
FIN,1986,22.53142039,Europe,Finland,13925.52307,4.918
FIN,1987,23.61284007,Europe,Finland,14719.45023,4.932
FIN,1988,23.04579444,Europe,Finland,16009.63892,4.947
FIN,1989,23.5590355,Europe,Finland,17217.11965,4.964
FIN,1990,22.862102,Europe,Finland,17820.71728,4.986
FIN,1991,21.46774696,Europe,Finland,17059.97426,5.014
FIN,1992,20.28498619,Europe,Finland,16551.95539,5.042
FIN,1993,21.9848125,Europe,Finland,16634.82806,5.066
FIN,1994,23.14957875,Europe,Finland,17713.59453,5.088
FIN,1995,22.40219409,Europe,Finland,18979.36898,5.108
FIN,1997,21.33201166,Europe,Finland,21461.49507,5.14
FIN,1998,20.80042641,Europe,Finland,23122.27941,5.153
FIN,1999,21.71623611,Europe,Finland,24519.52356,5.165
FIN,2000,20.42748918,Europe,Finland,26628.06671,5.176
FIN,2001,21.23909129,Europe,Finland,27797.43275,5.188
FIN,2002,20.37320281,Europe,Finland,28691.81329,5.201
FIN,2003,20.09925558,Europe,Finland,28848.88056,5.213
FIN,2004,20.01515104,Europe,Finland,31392.62582,5.228
FIN,2005,18.94169403,Europe,Finland,32185.46841,5.246
FIN,2006,19.37479454,Europe,Finland,34726.43429,5.267
FIN,2007,21.37690409,Europe,Finland,37909.69275,5.289
FIN,2008,21.23395266,Europe,Finland,40150.96721,5.313
FIN,2009,19.67567279,Europe,Finland,38480.61632,5.339
FIN,2010,18.87699985,Europe,Finland,39486.47976,5.363
FIN,2011,18.6076171,Europe,Finland,41073.28941,5.388
FIN,2012,18.72607453,Europe,Finland,41063.96631,5.414
FIN,2013,20.17843271,Europe,Finland,41663.30011,5.439
FIN,2014,19.60907945,Europe,Finland,42167.77302,5.472
FIN,2015,18.05598132,Europe,Finland,42945.95981,5.505
FIN,2016,16.47225837,Europe,Finland,45150.75927,5.538
FIN,2017,17.71792064,Europe,Finland,47477.99464,5.571
FRA,2002,13.30472103,Europe,France,28825.29053,59.89387
FRA,2006,9.390746679,Europe,France,33084.66233,61.59748
FRA,2010,9.118807541,Europe,France,36767.89027,62.91779
FRA,2014,9.872102318,Europe,France,41014.14171,64.06225
GBR,1979,38.29523952,Europe,Britain,8535.046517,56.24
GBR,1980,36.68858597,Europe,Britain,9023.491254,56.33
GBR,1981,35.4268123,Europe,Britain,9735.774365,56.357
GBR,1982,35.65961949,Europe,Britain,10532.40617,56.291
GBR,1983,34.56728192,Europe,Britain,11449.31507,56.316
GBR,1984,35.08152659,Europe,Britain,12124.61536,56.409
GBR,1985,35.12011437,Europe,Britain,12845.16586,56.554
GBR,1986,34.93850632,Europe,Britain,13542.43705,56.684
GBR,1987,34.51295439,Europe,Britain,14458.80824,56.804
GBR,1988,34.04572949,Europe,Britain,15753.43457,56.916
GBR,1989,33.73065917,Europe,Britain,16544.40893,57.076
GBR,1990,32.74495595,Europe,Britain,17143.50077,57.237
GBR,1991,31.07547805,Europe,Britain,17514.26411,57.439
GBR,1992,29.9466794,Europe,Britain,18142.96779,57.585
GBR,1993,28.71901926,Europe,Britain,18985.25233,57.714
GBR,1994,28.07971854,Europe,Britain,20426.72512,57.862
GBR,1995,28.19283491,Europe,Britain,19909.31567,58.025
GBR,1997,26.91907015,Europe,Britain,22657.65734,58.314
GBR,1998,27.03529422,Europe,Britain,23746.26743,58.475
GBR,1999,26.08972842,Europe,Britain,24333.94653,58.684
GBR,2000,26.28031383,Europe,Britain,26515.76136,58.886
GBR,2001,25.6396459,Europe,Britain,27960.18077,59.113
GBR,2002,24.37909944,Europe,Britain,29445.94667,58.56963
GBR,2003,24.12446709,Europe,Britain,30653.29391,58.83895
GBR,2004,23.35874097,Europe,Britain,32317.70354,59.14912
GBR,2005,22.0639582,Europe,Britain,33102.57945,59.59104
GBR,2006,21.71808402,Europe,Britain,34806.66336,60.00257
GBR,2007,21.63478071,Europe,Britain,35431.51288,60.48182
GBR,2008,21.85786911,Europe,Britain,36310.53141,60.98238
GBR,2009,20.68629595,Europe,Britain,34777.3586,61.42372
GBR,2010,19.23143692,Europe,Britain,36397.34294,61.91464
GBR,2011,18.2460052,Europe,Britain,37293.90448,62.4352
GBR,2012,17.78388278,Europe,Britain,37911.10971,62.8588
GBR,2013,17.48201439,Europe,Britain,39169.44072,63.23794
GBR,2014,17.38274257,Europe,Britain,40426.66039,63.65001
GBR,2015,17.10155148,Europe,Britain,41549.40007,64.06208
GBR,2016,16.7965368,Europe,Britain,43077.85638,64.47415
GBR,2017,16.53410053,Europe,Britain,45439.67952,64.88622
GBR,2018,16.40394089,Europe,Britain,46253.02751,65.29829
GRC,2004,13.8755983,Europe,Greece,25139.16174,11.057
GRC,2005,16.66666569,Europe,Greece,25617.82731,11.093
GRC,2006,11.87862949,Europe,Greece,27985.45499,11.131
GRC,2007,11.62904936,Europe,Greece,28535.11529,11.163
GRC,2008,9.523771574,Europe,Greece,29936.90361,11.186
GRC,2009,9.587165735,Europe,Greece,29713.78584,11.185
GRC,2010,12.17284039,Europe,Greece,27592.32925,11.153
GRC,2011,10.71428571,Europe,Greece,25427.37065,11.124
GRC,2012,6.852802734,Europe,Greece,25452.18767,11.09
GRC,2013,11.2737313,Europe,Greece,26066.37164,11.056
GRC,2014,9.090909091,Europe,Greece,27020.35859,11.022
GRC,2015,6.25,Europe,Greece,26939.41763,10.988
GRC,2016,4.486279454,Europe,Greece,27824.34861,10.954
GRC,2017,4.486279454,Europe,Greece,29145.49175,10.92
HUN,1993,7.948628948,Europe,Hungary,8250.256305,10.358
HUN,1994,15.18105405,Europe,Hungary,8667.240234,10.343
HUN,1995,15.75400169,Europe,Hungary,8780.561775,10.329
HUN,1998,15.67189287,Europe,Hungary,9752.766265,10.267
HUN,1999,15.30123115,Europe,Hungary,10168.13817,10.238
HUN,2000,14.09876804,Europe,Hungary,11168.8899,10.211
HUN,2001,13.68978149,Europe,Hungary,12446.68077,10.188
HUN,2002,9.129712294,Europe,Hungary,13700.43217,10.159
HUN,2003,1.47600449,Europe,Hungary,14642.87878,10.13
HUN,2004,3.034373765,Europe,Hungary,15238.91746,10.107
HUN,2005,4.021526574,Europe,Hungary,16002.62374,10.087
HUN,2006,0.384387036,Europe,Hungary,17239.47016,10.071
HUN,2007,3.648106127,Europe,Hungary,17661.18661,10.056
HUN,2008,2.22065446,Europe,Hungary,19333.4182,10.038
HUN,2009,3.87608807,Europe,Hungary,19790.84617,10.023
HUN,2010,6.381712252,Europe,Hungary,20606.8382,10
HUN,2011,6.863905325,Europe,Hungary,21792.88485,9.972
HUN,2012,11.33246244,Europe,Hungary,22175.38739,9.92
HUN,2013,8.723650635,Europe,Hungary,23804.71421,9.893
HUN,2014,3.772605527,Europe,Hungary,24497.60269,9.863
HUN,2015,9.523809524,Europe,Hungary,25458.60227,9.833
HUN,2016,9.364317181,Europe,Hungary,26992.35069,9.803
IRL,1994,25.18248175,Europe,Ireland,15812.76859,3.5859
IRL,1997,21.71666667,Europe,Ireland,20498.23125,3.6643
IRL,2000,19.72972973,Europe,Ireland,26316.12734,3.7895
IRL,2003,19.70283629,Europe,Ireland,31237.43161,3.9799
IRL,2004,18.23030174,Europe,Ireland,33398.06063,4.0452
IRL,2005,13.79310345,Europe,Ireland,35016.48646,4.1338
IRL,2006,14.41132686,Europe,Ireland,38795.18551,4.2329
IRL,2007,17.95344797,Europe,Ireland,40415.91891,4.3758
IRL,2008,14.96402878,Europe,Ireland,38293.03245,4.4851
IRL,2009,14.88707738,Europe,Ireland,34791.50443,4.5334
IRL,2010,12.84472988,Europe,Ireland,36306.26632,4.5548
IRL,2011,10.44685255,Europe,Ireland,36378.65929,4.5749
IRL,2012,6.326160228,Europe,Ireland,37304.41908,4.5854
IRL,2013,14.02177903,Europe,Ireland,40443.54011,4.5931
IRL,2014,14.36990596,Europe,Ireland,43157.6115,4.6099
IRL,2015,12.60277335,Europe,Ireland,53151.82157,4.6267
IRL,2016,7.431025508,Europe,Ireland,58740.42507,4.6435
IRL,2017,5.875531504,Europe,Ireland,62108.78772,4.6603
ISR,2001,27.97471833,Asia,Israel,23819.46018,6.439
ISR,2002,24.20761246,Asia,Israel,24228.15009,6.57
ISR,2003,25.32531132,Asia,Israel,22874.51688,6.6897
ISR,2004,25.01352814,Asia,Israel,24373.11062,6.809
ISR,2005,21.92439863,Asia,Israel,24506.09956,6.9301
ISR,2006,21.95521573,Asia,Israel,25437.44844,7.0537
ISR,2007,20.40924794,Asia,Israel,27277.70746,7.1801
ISR,2008,22.05882353,Asia,Israel,26743.75101,7.3088
ISR,2009,21.13599802,Asia,Israel,26841.59879,7.4856
ISR,2010,20.39157739,Asia,Israel,28299.75465,7.6236
ISR,2011,19.65966691,Asia,Israel,30138.9386,7.7658
ISR,2012,20,Asia,Israel,30890.37452,7.9105
ISR,2013,20.34590182,Asia,Israel,33466.07195,8.059
ISR,2014,20.1081412,Asia,Israel,34020.47649,8.2075
ISR,2015,20.43918919,Asia,Israel,35144.32457,8.356
ISR,2016,21.59333204,Asia,Israel,37511.83026,8.5045
ISR,2017,21.79178994,Asia,Israel,38588.89387,8.653
ITA,1986,17.24137931,Europe,Italy,14304.49421,56.576
ITA,1987,15.625,Europe,Italy,15155.89143,56.664
ITA,1989,11.11111111,Europe,Italy,17511.03683,56.837
ITA,1991,10,Europe,Italy,19230.90578,56.76
ITA,1993,11.50442478,Europe,Italy,20112.69821,56.44193
ITA,1995,14.58333334,Europe,Italy,22082.33698,56.74459
ITA,1998,7.692307688,Europe,Italy,24883.0886,57.04037
ITA,2000,8.518518525,Europe,Italy,26979.17919,57.189
ITA,2002,10.34482759,Europe,Italy,28588.10283,57.474
ITA,2004,6.666666664,Europe,Italy,29397.78837,57.29746
ITA,2006,7.692307695,Europe,Italy,32384.63855,57.98418
ITA,2008,11.76470588,Europe,Italy,34951.9243,58.73968
ITA,2010,9.940335475,Europe,Italy,34783.41269,59.41965
ITA,2012,11.11111111,Europe,Italy,35958.8991,59.89803
ITA,2014,5.555555553,Europe,Italy,36198.0771,60.44791
ITA,2016,5.555555553,Europe,Italy,40032.93048,60.99779
JPN,1979,41.31319001,Asia,Japan,7928.489645,116.133
JPN,1980,41.68030551,Asia,Japan,8804.341636,117.06
JPN,1981,41.95696721,Asia,Japan,9957.755834,117.884
JPN,1982,42.15925745,Asia,Japan,10870.30005,118.693
JPN,1983,41.90340909,Asia,Japan,11625.54431,119.483
JPN,1984,41.9340055,Asia,Japan,12516.3302,120.235
JPN,1985,41.65927241,Asia,Japan,13527.10227,121.049
JPN,1986,41.60552439,Asia,Japan,14182.8038,121.672
JPN,1987,41.22621565,Asia,Japan,15180.12189,122.264
JPN,1988,41.01821192,Asia,Japan,16718.71913,122.783
JPN,1989,40.9633758,Asia,Japan,18165.58028,123.255
JPN,1990,40.59893859,Asia,Japan,19699.41099,123.611
JPN,1991,39.8989899,Asia,Japan,20967.06934,124.043
JPN,1992,38.88499299,Asia,Japan,21578.70086,124.452
JPN,1993,38.45094664,Asia,Japan,21915.56245,124.764
JPN,1994,37.81597573,Asia,Japan,22564.35442,125.034
JPN,1995,37.090301,Asia,Japan,23612.79951,125.57
JPN,1997,36.52145431,Asia,Japan,25477.32537,125.864
JPN,1998,35.307667,Asia,Japan,25387.98166,126.166
JPN,1999,34.55083909,Asia,Japan,25639.19601,126.4864
JPN,2000,33.85930309,Asia,Japan,27224.65794,126.686
JPN,2001,33.86467144,Asia,Japan,27894.98493,126.926
JPN,2002,32.52972259,Asia,Japan,28569.31552,127.291
JPN,2003,31.99735012,Asia,Japan,29400.79131,127.435
JPN,2004,31.08739159,Asia,Japan,30924.84373,127.619
JPN,2005,32.82543889,Asia,Japan,32354.42042,127.687
JPN,2006,32.98083278,Asia,Japan,33961.07341,127.768
JPN,2007,31.7423231,Asia,Japan,35543.161,127.77
JPN,2008,30.69439785,Asia,Japan,35715.59042,127.771
JPN,2009,28.28492393,Asia,Japan,34013.54495,127.692
JPN,2010,28.68430093,Asia,Japan,35898.33692,127.51
JPN,2011,27.39536493,Asia,Japan,36788.65266,128.057
JPN,2012,26.52354571,Asia,Japan,38210.64548,127.799
JPN,2013,26.58757851,Asia,Japan,40317.88635,127.515
JPN,2014,25.87099,Asia,Japan,40593.62545,127.298
JPN,2015,25.73179033,Asia,Japan,41958.23844,127.081
JPN,2016,24.60128945,Asia,Japan,41366.11936,126.864
JPN,2017,24.51809266,Asia,Japan,42319.86871,126.647
KOR,1985,52.77623551,Asia,South Korea,4542.698453,40.80574
KOR,1992,46.96548718,Asia,South Korea,10288.44889,43.74796
KOR,1993,47.26031779,Asia,South Korea,11137.0496,44.19463
KOR,1994,45.50637632,Asia,South Korea,12283.00175,44.64154
KOR,1995,44.18220588,Asia,South Korea,13589.56182,45.09299
KOR,1997,42.21548579,Asia,South Korea,15715.59137,45.95358
KOR,1998,42.02184197,Asia,South Korea,14800.96974,46.2865
KOR,1999,41.80339811,Asia,South Korea,16629.82061,46.61668
KOR,2000,41.65435244,Asia,South Korea,18427.17488,47.00811
KOR,2001,40.41614049,Asia,South Korea,19560.23187,47.35736
KOR,2002,41.02851279,Asia,South Korea,21317.3071,47.62218
KOR,2003,40.08315463,Asia,South Korea,21997.14346,47.85931
KOR,2004,39.62354825,Asia,South Korea,23743.82522,48.03941
KOR,2005,39.61663236,Asia,South Korea,25008.74629,48.13808
KOR,2006,39.77414431,Asia,South Korea,26799.65807,48.37195
KOR,2007,38.16206428,Asia,South Korea,28985.86735,48.59765
KOR,2008,39.03744173,Asia,South Korea,29953.50623,48.9487
KOR,2009,38.6146827,Asia,South Korea,29598.3958,49.18204
KOR,2010,39.60585734,Asia,South Korea,31787.94489,49.41037
KOR,2011,36.5642295,Asia,South Korea,32747.98252,49.77944
KOR,2012,36.29852997,Asia,South Korea,33907.92828,50.00444
KOR,2013,36.59963437,Asia,South Korea,34462.50267,50.22
KOR,2014,36.65317614,Asia,South Korea,35495.22574,50.424
KOR,2015,37.17628175,Asia,South Korea,38026.03347,50.628
KOR,2016,36.66666667,Asia,South Korea,39711.51202,50.832
KOR,2017,34.61738256,Asia,South Korea,41168.12471,51.036
KOR,2018,34.10731095,Asia,South Korea,42246.05937,51.24
LUX,2002,15.08852964,Europe,Luxemburg,49638.04806,0.4462
LUX,2006,7.668067227,Europe,Luxemburg,63402.32998,0.4691
LUX,2010,4.592164419,Europe,Luxemburg,61725.37462,0.5021
LUX,2014,3.402916786,Europe,Luxemburg,67047.52081,0.5497
LVA,2002,18.91955557,Europe,Latvia,10068.92212,2.31
LVA,2006,10.99195711,Europe,Latvia,15344.31058,2.218
LVA,2010,19.05564924,Europe,Latvia,17780.50483,2.098
LVA,2014,21.12299465,Europe,Latvia,23762.96686,2.034
MEX,2005,16.66666667,North Americas,Mexico,12278.15594,107.151
MEX,2006,18.60465116,North Americas,Mexico,13509.83322,108.4088
MEX,2007,12.5,North Americas,Mexico,13993.6459,109.7874
MEX,2008,22.22222222,North Americas,Mexico,14675.93074,111.299
MEX,2009,16.66666667,North Americas,Mexico,14288.31984,112.8526
MEX,2010,11.62790698,North Americas,Mexico,15076.21255,114.2556
MEX,2011,10,North Americas,Mexico,16283.88277,115.6829
MEX,2012,13.55555556,North Americas,Mexico,16887.38043,117.0538
MEX,2013,15.43340381,North Americas,Mexico,16953.79059,118.3951
MEX,2014,18.3,North Americas,Mexico,17746.16864,119.713
MEX,2015,16.66666667,North Americas,Mexico,17982.68576,121.0309
MEX,2016,16.49224806,North Americas,Mexico,19002.29997,122.3488
MEX,2017,11.11111111,North Americas,Mexico,19559.18188,123.6667
MEX,2018,14,North Americas,Mexico,20217.71906,124.9846
NLD,2002,16.05038602,Europe,Netherlands,34354.80725,16.14893
NLD,2006,16.00806452,Europe,Netherlands,41282.31458,16.3461
NLD,2010,17.88914703,Europe,Netherlands,45207.37964,16.61539
NLD,2014,14.11468179,Europe,Netherlands,49111.38624,16.80443
NOR,1997,10.06647168,Europe,Norway,28305.44928,4.405157
NOR,1998,10.08034702,Europe,Norway,27877.49624,4.431464
NOR,1999,10.14072454,Europe,Norway,30303.53547,4.462
NOR,2000,10.18854242,Europe,Norway,36474.99173,4.491
NOR,2001,10.74286708,Europe,Norway,37818.20829,4.514
NOR,2002,10.68187393,Europe,Norway,38075.50761,4.538
NOR,2003,10.21170116,Europe,Norway,38768.11462,4.564
NOR,2004,9.70579198,Europe,Norway,42565.77689,4.59191
NOR,2005,9.388516033,Europe,Norway,48298.43816,4.623291
NOR,2006,9.162434733,Europe,Norway,54105.17264,4.661
NOR,2007,9.831148259,Europe,Norway,55721.65694,4.709
NOR,2008,9.23566879,Europe,Norway,61480.33446,4.768
NOR,2009,8.66873065,Europe,Norway,55783.65411,4.828726
NOR,2010,8.059701493,Europe,Norway,58630.73395,4.889
NOR,2011,7.780979827,Europe,Norway,62729.9928,4.953
NOR,2012,6.406685237,Europe,Norway,65979.78954,5.019
NOR,2013,7.008086253,Europe,Norway,67764.62986,5.08
NOR,2014,6.282722513,Europe,Norway,68102.51644,5.137
NOR,2015,7.124681934,Europe,Norway,63000.34431,5.194
NZL,1984,21.474652,Oceania,New Zealand,11494.42291,3.258
NZL,1986,23.01499874,Oceania,New Zealand,12558.64543,3.277
NZL,1988,20.28923374,Oceania,New Zealand,13132.50047,3.317
NZL,1990,17.11112352,Oceania,New Zealand,14055.61772,3.363
NZL,1992,15.57156471,Oceania,New Zealand,13907.99193,3.5317
NZL,1994,13.30243244,Oceania,New Zealand,15869.29291,3.62
NZL,1995,13.68282986,Oceania,New Zealand,16701.40033,3.6734
NZL,1997,12.70949716,Oceania,New Zealand,17939.07133,3.7813
NZL,1998,11.4,Oceania,New Zealand,18421.46204,3.815
NZL,1999,8.333333333,Oceania,New Zealand,19308.24603,3.8351
NZL,2000,7.166556072,Oceania,New Zealand,20258.21732,3.8577
NZL,2001,8.056265985,Oceania,New Zealand,21255.28485,3.8805
NZL,2002,7.3125,Oceania,New Zealand,22012.3627,3.9485
NZL,2003,7.692307692,Oceania,New Zealand,22729.00951,4.0272
NZL,2004,8.076699593,Oceania,New Zealand,23590.16541,4.0875
NZL,2005,9.611111111,Oceania,New Zealand,23936.76858,4.1339
NZL,2006,9.333333333,Oceania,New Zealand,25819.76163,4.1846
NZL,2007,7.142857143,Oceania,New Zealand,27220.33682,4.2238
NZL,2008,8.053691275,Oceania,New Zealand,27623.62285,4.2598
NZL,2009,8.759124088,Oceania,New Zealand,29335.36356,4.3026
NZL,2010,7.011235955,Oceania,New Zealand,29617.69414,4.3507
NZL,2011,4.533333333,Oceania,New Zealand,31188.19604,4.384
NZL,2012,5.907906169,Oceania,New Zealand,31542.22277,4.4081
NZL,2013,6.594323873,Oceania,New Zealand,34651.37205,4.4421
NZL,2014,6.083333333,Oceania,New Zealand,35563.59101,4.5097
NZL,2015,7.92,Oceania,New Zealand,35905.17838,4.5773
NZL,2016,7.769230769,Oceania,New Zealand,38295.23437,4.6449
NZL,2017,7.150837989,Oceania,New Zealand,39022.33482,4.7125
NZL,2018,7.869692533,Oceania,New Zealand,39878.12162,4.7801
POL,1991,20.14881718,Europe,Poland,5613.965852,38.109
POL,1992,17.24770506,Europe,Poland,5814.849204,38.173
POL,1993,20.02866825,Europe,Poland,6210.462795,38.221
POL,1994,18.85394398,Europe,Poland,6888.098356,38.252
POL,1995,20.10461352,Europe,Poland,7472.992329,38.275
POL,1997,18.56877152,Europe,Poland,8852.419186,38.292
POL,1998,19.1076226,Europe,Poland,9447.363107,38.283
POL,1999,17.55932069,Europe,Poland,9983.451176,38.27
POL,2001,14.29974246,Europe,Poland,11066.20761,38.251
POL,2002,11.31595541,Europe,Poland,11741.60448,38.232
POL,2004,10.63884891,Europe,Poland,12917.0517,38.195
POL,2006,11.44042048,Europe,Poland,14823.86901,38.18
POL,2008,12.99382224,Europe,Poland,17994.33443,38.161
POL,2010,7.190207044,Europe,Poland,20061.4645,38.132
POL,2012,10.62015527,Europe,Poland,22664.16874,38.116
POL,2014,11.07286288,Europe,Poland,24363.16013,38.116
POL,2016,9.417880936,Europe,Poland,26846.28162,38.153
PRT,2004,13.03030352,Europe,Portugal,21188.66592,10.48386
PRT,2005,15.9663881,Europe,Portugal,22423.50632,10.50333
PRT,2006,14.3548395,Europe,Portugal,23952.69617,10.52229
PRT,2007,15.27777972,Europe,Portugal,24967.78683,10.54296
PRT,2008,15.63548277,Europe,Portugal,25771.24888,10.55818
PRT,2009,13.79250058,Europe,Portugal,25599.80032,10.56825
PRT,2010,13.45086773,Europe,Portugal,26412.19473,10.5731
PRT,2011,15.24812255,Europe,Portugal,26335.67418,10.55756
PRT,2012,16.3154649,Europe,Portugal,25812.29944,10.51484
PRT,2013,16.66666667,Europe,Portugal,27562.55525,10.45729
PRT,2014,18.87969014,Europe,Portugal,28154.27355,10.39974
PRT,2015,18.9170164,Europe,Portugal,28872.96052,10.34219
PRT,2016,14.31314608,Europe,Portugal,30836.68107,10.28464
PRT,2017,14.77351071,Europe,Portugal,32309.42609,10.22709
SVK,2002,20.35516093,Europe,Slovak Republic,13275.25286,5.38872
SVK,2003,20.68965517,Europe,Slovak Republic,13468.22355,5.378867
SVK,2004,20.88376561,Europe,Slovak Republic,14602.68617,5.376912
SVK,2005,20.09925558,Europe,Slovak Republic,16172.79818,5.373374
SVK,2006,17.80276817,Europe,Slovak Republic,18306.27017,5.37228
SVK,2007,17.52170482,Europe,Slovak Republic,20529.93717,5.372806
SVK,2008,16.44476957,Europe,Slovak Republic,23205.9855,5.373054
SVK,2009,16.43272126,Europe,Slovak Republic,22847.48163,5.374622
SVK,2010,14.85111765,Europe,Slovak Republic,24472.35802,5.379232
SVK,2011,15.44985643,Europe,Slovak Republic,25153.16922,5.386405
SVK,2012,15.96526916,Europe,Slovak Republic,26486.42439,5.391428
SVK,2013,14.10932976,Europe,Slovak Republic,27760.32199,5.398384
SVK,2014,14.35004753,Europe,Slovak Republic,28669.49271,5.407579
SVK,2015,13.37662489,Europe,Slovak Republic,29208.8052,5.415949
SVK,2016,13.89918214,Europe,Slovak Republic,28888.31484,5.424319
SVK,2017,15.04004233,Europe,Slovak Republic,30276.61436,5.432689
SVK,2018,15.66208013,Europe,Slovak Republic,32105.50112,5.441059
SVN,2002,9.405241223,Europe,Slovenia,20059.67876,1.995718
SVN,2006,7.220573689,Europe,Slovenia,25354.73385,2.008516
SVN,2010,0.991735537,Europe,Slovenia,27473.43859,2.049261
SVN,2014,4.996271439,Europe,Slovenia,30589.39435,2.061623
SWE,1995,9.677419355,Europe,Sweden,22419.01214,8.826938
SWE,1997,11.56069364,Europe,Sweden,24151.0178,8.846062
SWE,1998,12.77777778,Europe,Sweden,25334.09216,8.850973
SWE,1999,11.82795699,Europe,Sweden,27249.37488,8.857874
SWE,2000,12.37113402,Europe,Sweden,29478.50005,8.872109
SWE,2001,12.37623762,Europe,Sweden,29793.06399,8.89596
SWE,2002,11.90476191,Europe,Sweden,30839.5213,8.924958
SWE,2003,11.52073733,Europe,Sweden,32119.12549,8.958229
SWE,2004,10.76233184,Europe,Sweden,33800.09865,8.993531
SWE,2005,11.30434783,Europe,Sweden,34495.39552,9.029572
SWE,2006,11.01694915,Europe,Sweden,38407.13284,9.080504
SWE,2007,11.83673469,Europe,Sweden,41813.75728,9.148092
SWE,2008,10.58823529,Europe,Sweden,43425.62152,9.219637
SWE,2009,9.541984733,Europe,Sweden,41131.90673,9.298514
SWE,2010,9.36329588,Europe,Sweden,43358.78096,9.378126
SWE,2011,9.157509158,Europe,Sweden,45415.96366,9.449212
SWE,2012,9.285714286,Europe,Sweden,46344.54921,9.519374
SWE,2013,9.375,Europe,Sweden,47178.47959,9.609
SWE,2014,9.152542373,Europe,Sweden,48041.21602,9.698626
SWE,2015,8.333333333,Europe,Sweden,49416.58494,9.788252
SWE,2016,8.169934641,Europe,Sweden,50780.2923,9.877878
SWE,2017,7.348242812,Europe,Sweden,53488.22394,9.967504
TUR,2009,3.206997085,Europe,Turkey,15156.73984,72.0392
TUR,2010,3.10421286,Europe,Turkey,17093.13854,73.14215
TUR,2014,6.882591093,Europe,Turkey,23764.84847,76.90287
USA,1979,37.64195057,USA,USA,11613.20445,225.0555
USA,1980,36.55215104,USA,USA,12502.1078,227.2247
USA,1981,35.17400058,USA,USA,13920.75928,229.4657
USA,1982,34.72409152,USA,USA,14518.4611,231.6645
USA,1983,34.28645028,USA,USA,15423.21397,233.792
USA,1984,33.43217198,USA,USA,17057.50569,235.8249
USA,1985,32.9782197,USA,USA,18071.13448,237.9238
USA,1986,32.19021491,USA,USA,18765.49237,240.1329
USA,1987,31.02222222,USA,USA,19884.77329,242.2889
USA,1988,30.06917423,USA,USA,21448.10068,244.499
USA,1989,29.36357908,USA,USA,22630.05332,246.8192
USA,1990,28.45544956,USA,USA,23592.07934,249.6228
USA,1991,26.57109191,USA,USA,24047.45001,252.9809
USA,1992,25.05773672,USA,USA,25048.33763,256.5142
USA,1993,23.87640449,USA,USA,25871.04756,259.9186
USA,1994,23.88451444,USA,USA,27216.22668,263.1258
USA,1995,24.57998539,USA,USA,28413.47323,266.2784
USA,1997,23.78649162,USA,USA,31467.36128,272.6469
USA,1998,23.7458194,USA,USA,33081.04898,275.8541
USA,1999,23.46278317,USA,USA,34688.08712,279.0402
USA,2000,23.08892356,USA,USA,36770.29937,282.1624
USA,2001,23.58208955,USA,USA,37667.48707,284.969
USA,2002,22.09131075,USA,USA,38389.07121,287.6252
USA,2003,20.57553957,USA,USA,39673.90392,290.1079
USA,2004,19.63534362,USA,USA,41989.71568,292.8053
USA,2005,18.97506925,USA,USA,44493.28869,295.5166
USA,2006,19.24629879,USA,USA,47095.44271,298.3799
USA,2007,19.84334204,USA,USA,48204.86848,301.2312
USA,2008,20.05012531,USA,USA,48218.48475,304.094
USA,2009,19.78021978,USA,USA,46864.6921,306.7715
USA,2010,18.81067961,USA,USA,48830.57654,309.3471
USA,2011,17.78846154,USA,USA,50738.88659,311.7216
USA,2012,19.08665105,USA,USA,53048.16471,314.1121
USA,2013,17.90697674,USA,USA,54281.78914,316.498
USA,2014,17.45120551,USA,USA,56656.81153,318.857
USA,2015,18.88268156,USA,USA,58264.18109,321.216
USA,2016,18.1420765,USA,USA,58905.54471,323.575
USA,2017,18.17215728,USA,USA,60939.35958,325.934
USA,2018,18.91058582,USA,USA,63637.92314,328.293